suchprofil;firma;domain;apollo_org_id;land;stadt;branche;mitarbeiter;beschreibung;personen_name;personen_titel;linkedin;email_status;score;klasse;positive_signale;negative_signale;empfehlung;naechster_schritt;quelle
OTC/Pharma mit Apothekenbezug;Pharma Deutschland;pharmadeutschland.de;5c282279f6512550e0313421;Deutschland;;;;;;;;nicht gezogen;35;P;"Pharma; Hersteller/Pharma-Indiz: pharma";;Prüfkandidat;"Website manuell/automatisch prüfen; nicht ausschließen";Apollo/API
OTC/Pharma mit Apothekenbezug;MEDICE - The Health Family;medice-health-family.com;5a9e2b00a6da98d9356a6a2f;Deutschland;;;;;;;;nicht gezogen;0;U;;;unklar;"Apollo-Daten unvollständig; Website prüfen, bevor ausgeschlossen wird";Apollo/API
OTC/Pharma mit Apothekenbezug;APOTHEKE ADHOC;apotheke-adhoc.de;5ed4bf7940af0c0001b1e659;Deutschland;;;;;;;;nicht gezogen;28;U;"Apotheke; Starkes Fit-Signal: apotheke";;unklar;"Apollo-Daten unvollständig; Website prüfen, bevor ausgeschlossen wird";Apollo/API
OTC/Pharma mit Apothekenbezug;Dr. Pfleger Arzneimittel GmbH;dr-pfleger.de;556949887369642161d12900;Deutschland;;;;;;;;nicht gezogen;35;P;"Arzneimittel; Hersteller/Pharma-Indiz: arzneimittel";;Prüfkandidat;"Website manuell/automatisch prüfen; nicht ausschließen";Apollo/API
OTC/Pharma mit Apothekenbezug;Fresenius Kabi Deutschland;;5c24d18af6512548d67644cd;Deutschland;;;;;;;;nicht gezogen;0;U;;;unklar;"Apollo-Daten unvollständig; Website prüfen, bevor ausgeschlossen wird";Apollo/API
OTC/Pharma mit Apothekenbezug;ADG Apotheken-Dienstleistungsgesellschaft mbH;adg.de;55693986736964216da41000;Deutschland;;;;;;;;nicht gezogen;56;C;"Apotheke; Apotheken; Starkes Fit-Signal: apotheke; Starkes Fit-Signal: apotheken";;prüfen;Apotheken-/Direktvertriebssignale auf Website prüfen;Apollo/API
OTC/Pharma mit Apothekenbezug;CC Pharma GmbH;cc-pharma.de;556da8de73696412436e6801;Deutschland;;;;;;;;nicht gezogen;35;P;"Pharma; Hersteller/Pharma-Indiz: pharma";;Prüfkandidat;"Website manuell/automatisch prüfen; nicht ausschließen";Apollo/API
OTC/Pharma mit Apothekenbezug;Klinge Pharma;klinge-pharma.com;55f7b065f3e5bb3880002175;Deutschland;;;;;;;;nicht gezogen;35;P;"Pharma; Hersteller/Pharma-Indiz: pharma";;Prüfkandidat;"Website manuell/automatisch prüfen; nicht ausschließen";Apollo/API
OTC/Pharma mit Apothekenbezug;Novartis Deutschland;;6049e81ad71ee50001ce501e;Deutschland;;;;;;;;nicht gezogen;0;U;;;unklar;"Apollo-Daten unvollständig; Website prüfen, bevor ausgeschlossen wird";Apollo/API
OTC/Pharma mit Apothekenbezug;Marvecs GmbH;marvecs.de;556dca3d7369641276869301;Deutschland;;;;;;;;nicht gezogen;0;U;;;unklar;"Apollo-Daten unvollständig; Website prüfen, bevor ausgeschlossen wird";Apollo/API
OTC/Pharma mit Apothekenbezug;APOGEPHA Arzneimittel GmbH;apogepha.de;61f587651e933700a40b70fe;Deutschland;;;;;;;;nicht gezogen;35;P;"Arzneimittel; Hersteller/Pharma-Indiz: arzneimittel";;Prüfkandidat;"Website manuell/automatisch prüfen; nicht ausschließen";Apollo/API
OTC/Pharma mit Apothekenbezug;Sandoz in Deutschland;sandoz.de;664f2ef43601bc01ebaee2bf;Deutschland;;;;;;;;nicht gezogen;0;U;;;unklar;"Apollo-Daten unvollständig; Website prüfen, bevor ausgeschlossen wird";Apollo/API
OTC/Pharma mit Apothekenbezug;Denk Pharma;denkpharma.com;5d36cfb4a3ae612a10064d78;Deutschland;;;;;;;;nicht gezogen;35;P;"Pharma; Hersteller/Pharma-Indiz: pharma";;Prüfkandidat;"Website manuell/automatisch prüfen; nicht ausschließen";Apollo/API
OTC/Pharma mit Apothekenbezug;betapharm Arzneimittel GmbH;betapharm.de;54a1392e69702d2fa6381b00;Deutschland;;;;;;;;nicht gezogen;35;P;"Arzneimittel; Hersteller/Pharma-Indiz: arzneimittel";;Prüfkandidat;"Website manuell/automatisch prüfen; nicht ausschließen";Apollo/API
OTC/Pharma mit Apothekenbezug;PharmaSGP Holding SE;pharmasgp.com;57c4d17ea6da986abef6ddcd;Deutschland;;;;;;;;nicht gezogen;35;P;"Pharma; Hersteller/Pharma-Indiz: pharma";;Prüfkandidat;"Website manuell/automatisch prüfen; nicht ausschließen";Apollo/API
OTC/Pharma mit Apothekenbezug;DFE Pharma;dfepharma.com;54a1396f69702d04865b3f00;Deutschland;;;;;;;;nicht gezogen;35;P;"Pharma; Hersteller/Pharma-Indiz: pharma";;Prüfkandidat;"Website manuell/automatisch prüfen; nicht ausschließen";Apollo/API
OTC/Pharma mit Apothekenbezug;MSK Pharma Group;msk-pharmalogistic.de;55e9252df3e5bb4977000001;Deutschland;;;;;;;;nicht gezogen;35;P;"Pharma; Hersteller/Pharma-Indiz: pharma";;Prüfkandidat;"Website manuell/automatisch prüfen; nicht ausschließen";Apollo/API
OTC/Pharma mit Apothekenbezug;Weber & Weber GmbH, Biologische Arzneimittel;weber-weber.de;61ec270115c3430001546cb3;Deutschland;;;;;;;;nicht gezogen;35;P;"Arzneimittel; Hersteller/Pharma-Indiz: arzneimittel";;Prüfkandidat;"Website manuell/automatisch prüfen; nicht ausschließen";Apollo/API
OTC/Pharma mit Apothekenbezug;Mauve Mailorder Software GmbH & Co KG.;mauve.de;5a9cc2daa6da98d938b72bf3;Deutschland;;;;;;;;nicht gezogen;0;U;;;unklar;"Apollo-Daten unvollständig; Website prüfen, bevor ausgeschlossen wird";Apollo/API
OTC/Pharma mit Apothekenbezug;Pharma Bavaria International GmbH;pharma-bavaria.com;556d30cd7369641217d3aa00;Deutschland;;;;;;;;nicht gezogen;35;P;"Pharma; Hersteller/Pharma-Indiz: pharma";;Prüfkandidat;"Website manuell/automatisch prüfen; nicht ausschließen";Apollo/API
OTC/Pharma mit Apothekenbezug;MIP Pharma Group;mip-pharma.de;6049e4eb59dfd800a532ccc3;Deutschland;;;;;;;;nicht gezogen;35;P;"Pharma; Hersteller/Pharma-Indiz: pharma";;Prüfkandidat;"Website manuell/automatisch prüfen; nicht ausschließen";Apollo/API
OTC/Pharma mit Apothekenbezug;awinta GmbH;awinta.de;55eeff2bf3e5bb7132001212;Deutschland;;;;;;;;nicht gezogen;0;U;;;unklar;"Apollo-Daten unvollständig; Website prüfen, bevor ausgeschlossen wird";Apollo/API
OTC/Pharma mit Apothekenbezug;easyApotheke (Holding) AG;easyapotheke.ag;55f74a6bf3e5bb16dd000caa;Deutschland;;;;;;;;nicht gezogen;28;U;"Apotheke; Starkes Fit-Signal: apotheke";;unklar;"Apollo-Daten unvollständig; Website prüfen, bevor ausgeschlossen wird";Apollo/API
OTC/Pharma mit Apothekenbezug;VIVATIS Pharma GmbH;;5e571fe334261300014e3e57;Deutschland;;;;;;;;nicht gezogen;35;P;"Pharma; Hersteller/Pharma-Indiz: pharma";;Prüfkandidat;"Website manuell/automatisch prüfen; nicht ausschließen";Apollo/API
OTC/Pharma mit Apothekenbezug;Diapharm GmbH & Co. KG;diapharm.com;55923eb973696418d70ef000;Deutschland;;;;;;;;nicht gezogen;0;U;;;unklar;"Apollo-Daten unvollständig; Website prüfen, bevor ausgeschlossen wird";Apollo/API
OTC/Pharma mit Apothekenbezug;Careforce GmbH;careforce.de;5f4313e0ec0ce70001ec7665;Deutschland;;;;;;;;nicht gezogen;0;U;;;unklar;"Apollo-Daten unvollständig; Website prüfen, bevor ausgeschlossen wird";Apollo/API
OTC/Pharma mit Apothekenbezug;Stern Apotheke Kistenpfennig;stern-apotheke.de;60af2dc78506ef0001d228dc;Deutschland;;;;;;;;nicht gezogen;28;U;"Apotheke; Starkes Fit-Signal: apotheke";;unklar;"Apollo-Daten unvollständig; Website prüfen, bevor ausgeschlossen wird";Apollo/API
OTC/Pharma mit Apothekenbezug;INOPHA GmbH;inopha.de;5a9e3b16a6da98d966441762;Deutschland;;;;;;;;nicht gezogen;0;U;;;unklar;"Apollo-Daten unvollständig; Website prüfen, bevor ausgeschlossen wird";Apollo/API
OTC/Pharma mit Apothekenbezug;Pluspunkt Apotheken;pluspunkt-apotheke.de;5fcaa0d09c8b7700014a7550;Deutschland;;;;;;;;nicht gezogen;56;C;"Apotheke; Apotheken; Starkes Fit-Signal: apotheke; Starkes Fit-Signal: apotheken";;prüfen;Apotheken-/Direktvertriebssignale auf Website prüfen;Apollo/API
OTC/Pharma mit Apothekenbezug;Bundesverband der Pharmazeutischen Industrie;bpi.de;5e165ce7dbc70b00d6c67a62;Deutschland;;;;;;;;nicht gezogen;35;P;"Pharma; Hersteller/Pharma-Indiz: pharma";;Prüfkandidat;"Website manuell/automatisch prüfen; nicht ausschließen";Apollo/API
OTC/Pharma mit Apothekenbezug;Verband Forschender Arzneimittelhersteller e.V. (VFA);vfa.de;5e567a8f5749890001ac894b;Deutschland;;;;;;;;nicht gezogen;35;P;"Arzneimittel; Hersteller/Pharma-Indiz: arzneimittel; Hersteller/Pharma-Indiz: hersteller";;Prüfkandidat;"Website manuell/automatisch prüfen; nicht ausschließen";Apollo/API
OTC/Pharma mit Apothekenbezug;Apotheken;herz-apotheke-zittau.de;5f4920982894b900012ebf1a;Deutschland;;;;;;;;nicht gezogen;56;C;"Apotheke; Apotheken; Starkes Fit-Signal: apotheke; Starkes Fit-Signal: apotheken";;prüfen;Apotheken-/Direktvertriebssignale auf Website prüfen;Apollo/API
OTC/Pharma mit Apothekenbezug;Schloss Apotheke;schloss-apotheke-ahrensburg.de;55e81c8af3e5bb5bf2000243;Deutschland;;;;;;;;nicht gezogen;28;U;"Apotheke; Starkes Fit-Signal: apotheke";;unklar;"Apollo-Daten unvollständig; Website prüfen, bevor ausgeschlossen wird";Apollo/API
OTC/Pharma mit Apothekenbezug;Desitin Arzneimittel GmbH;desitin.de;556d3a96736964122f66bf00;Deutschland;;;;;;;;nicht gezogen;35;P;"Arzneimittel; Hersteller/Pharma-Indiz: arzneimittel";;Prüfkandidat;"Website manuell/automatisch prüfen; nicht ausschließen";Apollo/API
OTC/Pharma mit Apothekenbezug;Losan Pharma GmbH;losan-pharma.de;54a1aa2474686949e739fe05;Deutschland;;;;;;;;nicht gezogen;35;P;"Pharma; Hersteller/Pharma-Indiz: pharma";;Prüfkandidat;"Website manuell/automatisch prüfen; nicht ausschließen";Apollo/API
OTC/Pharma mit Apothekenbezug;WEPA Apothekenbedarf GmbH & Co. KG;wepa-apothekenbedarf.de;55e14d70f3e5bb5e140005b8;Deutschland;;;;;;;;nicht gezogen;56;C;"Apotheke; Apotheken; Starkes Fit-Signal: apotheke; Starkes Fit-Signal: apotheken";;prüfen;Apotheken-/Direktvertriebssignale auf Website prüfen;Apollo/API
OTC/Pharma mit Apothekenbezug;axunio;axunio.eu;5f4a2795367bc400014db945;Deutschland;;;;;;;;nicht gezogen;0;U;;;unklar;"Apollo-Daten unvollständig; Website prüfen, bevor ausgeschlossen wird";Apollo/API
OTC/Pharma mit Apothekenbezug;VIVATIS Pharma Group;en.vivatis.de;60a2838143adbd01490d8264;Deutschland;;;;;;;;nicht gezogen;35;P;"Pharma; Hersteller/Pharma-Indiz: pharma";;Prüfkandidat;"Website manuell/automatisch prüfen; nicht ausschließen";Apollo/API
OTC/Pharma mit Apothekenbezug;Amarox Pharma GmbH;amaroxpharma.de;5fa1503e3b025100daf6027d;Deutschland;;;;;;;;nicht gezogen;35;P;"Pharma; Hersteller/Pharma-Indiz: pharma";;Prüfkandidat;"Website manuell/automatisch prüfen; nicht ausschließen";Apollo/API
OTC/Pharma mit Apothekenbezug;PHOENIX Pharmahandel GmbH & Co KG;phoenix-online.de;5e5838587eed110001a18504;Deutschland;;;;;;;;nicht gezogen;35;P;"Pharma; Hersteller/Pharma-Indiz: pharma";;Prüfkandidat;"Website manuell/automatisch prüfen; nicht ausschließen";Apollo/API
OTC/Pharma mit Apothekenbezug;Apozin GmbH;apozin.de;5f48db8b60adea000177f837;Deutschland;;;;;;;;nicht gezogen;0;U;;;unklar;"Apollo-Daten unvollständig; Website prüfen, bevor ausgeschlossen wird";Apollo/API
OTC/Pharma mit Apothekenbezug;ysura GmbH;ysura.com;5569a7e073696425d70a7100;Deutschland;;;;;;;;nicht gezogen;0;U;;;unklar;"Apollo-Daten unvollständig; Website prüfen, bevor ausgeschlossen wird";Apollo/API
OTC/Pharma mit Apothekenbezug;HERMES ARZNEIMITTEL GmbH;hermes-arzneimittel.com;61c4590cdd75fe00a4d30d78;Deutschland;;;;;;;;nicht gezogen;35;P;"Arzneimittel; Hersteller/Pharma-Indiz: arzneimittel";;Prüfkandidat;"Website manuell/automatisch prüfen; nicht ausschließen";Apollo/API
OTC/Pharma mit Apothekenbezug;TAD Pharma GmbH;tad.de;54a1216d69702da10fffd402;Deutschland;;;;;;;;nicht gezogen;35;P;"Pharma; Hersteller/Pharma-Indiz: pharma";;Prüfkandidat;"Website manuell/automatisch prüfen; nicht ausschließen";Apollo/API
OTC/Pharma mit Apothekenbezug;g2 Recruitment;g2recruitment.com;559222e7736964191e208d00;Deutschland;;;;;;;;nicht gezogen;0;U;;;unklar;"Apollo-Daten unvollständig; Website prüfen, bevor ausgeschlossen wird";Apollo/API
OTC/Pharma mit Apothekenbezug;CHEPLAPHARM;cheplapharm.com;5fa00bfda00972011e5b5893;Deutschland;;;;;;;;nicht gezogen;0;U;;;unklar;"Apollo-Daten unvollständig; Website prüfen, bevor ausgeschlossen wird";Apollo/API
OTC/Pharma mit Apothekenbezug;K-Recruiting Life Sciences;k-recruiting.com;556dbeee736964120f729001;Deutschland;;;;;;;;nicht gezogen;0;U;;;unklar;"Apollo-Daten unvollständig; Website prüfen, bevor ausgeschlossen wird";Apollo/API
OTC/Pharma mit Apothekenbezug;Midas Pharma;midas-pharma.com;54a135d369702d3cbbaaf500;Deutschland;;;;;;;;nicht gezogen;35;P;"Pharma; Hersteller/Pharma-Indiz: pharma";;Prüfkandidat;"Website manuell/automatisch prüfen; nicht ausschließen";Apollo/API
OTC/Pharma mit Apothekenbezug;Grünhorn;gruenhorn.group;61154b62e18ddd00a40f31a3;Deutschland;;;;;;;;nicht gezogen;0;U;;;unklar;"Apollo-Daten unvollständig; Website prüfen, bevor ausgeschlossen wird";Apollo/API
OTC/Pharma mit Apothekenbezug;Gedeon Richter Pharma GmbH;;54a1289969702d90a2e94c01;Deutschland;;;;;;;;nicht gezogen;35;P;"Pharma; Hersteller/Pharma-Indiz: pharma";;Prüfkandidat;"Website manuell/automatisch prüfen; nicht ausschließen";Apollo/API
Bestellprozess-Signale Apotheke;Pharma Deutschland;pharmadeutschland.de;5c282279f6512550e0313421;Deutschland;;;;;;;;nicht gezogen;35;P;Hersteller/Pharma-Indiz: pharma;;Prüfkandidat;"Website manuell/automatisch prüfen; nicht ausschließen";Apollo/API
Bestellprozess-Signale Apotheke;APOTHEKE ADHOC;apotheke-adhoc.de;5ed4bf7940af0c0001b1e659;Deutschland;;;;;;;;nicht gezogen;28;U;"Apotheke; Starkes Fit-Signal: apotheke";;unklar;"Apollo-Daten unvollständig; Website prüfen, bevor ausgeschlossen wird";Apollo/API
Bestellprozess-Signale Apotheke;DFE Pharma;dfepharma.com;54a1396f69702d04865b3f00;Deutschland;;;;;;;;nicht gezogen;35;P;Hersteller/Pharma-Indiz: pharma;;Prüfkandidat;"Website manuell/automatisch prüfen; nicht ausschließen";Apollo/API
Bestellprozess-Signale Apotheke;awinta GmbH;awinta.de;55eeff2bf3e5bb7132001212;Deutschland;;;;;;;;nicht gezogen;0;U;;;unklar;"Apollo-Daten unvollständig; Website prüfen, bevor ausgeschlossen wird";Apollo/API
Bestellprozess-Signale Apotheke;Denk Pharma;denkpharma.com;5d36cfb4a3ae612a10064d78;Deutschland;;;;;;;;nicht gezogen;35;P;Hersteller/Pharma-Indiz: pharma;;Prüfkandidat;"Website manuell/automatisch prüfen; nicht ausschließen";Apollo/API
Bestellprozess-Signale Apotheke;Bundesverband der Pharmazeutischen Industrie;bpi.de;5e165ce7dbc70b00d6c67a62;Deutschland;;;;;;;;nicht gezogen;35;P;Hersteller/Pharma-Indiz: pharma;;Prüfkandidat;"Website manuell/automatisch prüfen; nicht ausschließen";Apollo/API
Bestellprozess-Signale Apotheke;Bundesministerium für Gesundheit;bundesgesundheitsministerium.de;5e9ce6bb37e820008c8b5505;Deutschland;;;;;;;;nicht gezogen;35;P;Hersteller/Pharma-Indiz: gesundheit;;Prüfkandidat;"Website manuell/automatisch prüfen; nicht ausschließen";Apollo/API
Bestellprozess-Signale Apotheke;MSK Pharma Group;msk-pharmalogistic.de;55e9252df3e5bb4977000001;Deutschland;;;;;;;;nicht gezogen;35;P;Hersteller/Pharma-Indiz: pharma;;Prüfkandidat;"Website manuell/automatisch prüfen; nicht ausschließen";Apollo/API
Bestellprozess-Signale Apotheke;Pharma Bavaria International GmbH;pharma-bavaria.com;556d30cd7369641217d3aa00;Deutschland;;;;;;;;nicht gezogen;35;P;Hersteller/Pharma-Indiz: pharma;;Prüfkandidat;"Website manuell/automatisch prüfen; nicht ausschließen";Apollo/API
Bestellprozess-Signale Apotheke;Fujifilm Healthcare Europe;;656e8e83e084c600ba2a8c1e;Deutschland;;;;;;;;nicht gezogen;0;U;;;unklar;"Apollo-Daten unvollständig; Website prüfen, bevor ausgeschlossen wird";Apollo/API
Bestellprozess-Signale Apotheke;DIE ZEIT;zeit.de;5592332e7369640b18555d00;Deutschland;;;;;;;;nicht gezogen;0;U;;;unklar;"Apollo-Daten unvollständig; Website prüfen, bevor ausgeschlossen wird";Apollo/API
Bestellprozess-Signale Apotheke;Verband Forschender Arzneimittelhersteller e.V. (VFA);vfa.de;5e567a8f5749890001ac894b;Deutschland;;;;;;;;nicht gezogen;35;P;"Hersteller/Pharma-Indiz: arzneimittel; Hersteller/Pharma-Indiz: hersteller";;Prüfkandidat;"Website manuell/automatisch prüfen; nicht ausschließen";Apollo/API
Bestellprozess-Signale Apotheke;ELPATO Medien GmbH;elpato.de;5d0a18d280f93eb7621a411f;Deutschland;;;;;;;;nicht gezogen;0;U;;;unklar;"Apollo-Daten unvollständig; Website prüfen, bevor ausgeschlossen wird";Apollo/API
Bestellprozess-Signale Apotheke;Sandoz in Deutschland;sandoz.de;664f2ef43601bc01ebaee2bf;Deutschland;;;;;;;;nicht gezogen;0;U;;;unklar;"Apollo-Daten unvollständig; Website prüfen, bevor ausgeschlossen wird";Apollo/API
Bestellprozess-Signale Apotheke;WMC HEALTHCARE GmbH;wmc-healthcare.de;5b141214a6da98dce93aa03e;Deutschland;;;;;;;;nicht gezogen;0;U;;;unklar;"Apollo-Daten unvollständig; Website prüfen, bevor ausgeschlossen wird";Apollo/API
Bestellprozess-Signale Apotheke;g2 Recruitment;g2recruitment.com;559222e7736964191e208d00;Deutschland;;;;;;;;nicht gezogen;0;U;;;unklar;"Apollo-Daten unvollständig; Website prüfen, bevor ausgeschlossen wird";Apollo/API
Bestellprozess-Signale Apotheke;Bären und Elefanten Apotheke Erbach;apotheken-in-erbach.de;6048ae71d33cbb0001a0ef38;Deutschland;;;;;;;;nicht gezogen;46;C;"Apotheke; Starkes Fit-Signal: apotheke; Starkes Fit-Signal: apotheken";;prüfen;Apotheken-/Direktvertriebssignale auf Website prüfen;Apollo/API
Bestellprozess-Signale Apotheke;Healthcare Frauen e.V.;healthcare-frauen.de;5e5674862174ca00015670b5;Deutschland;;;;;;;;nicht gezogen;0;U;;;unklar;"Apollo-Daten unvollständig; Website prüfen, bevor ausgeschlossen wird";Apollo/API
Bestellprozess-Signale Apotheke;K-Recruiting Life Sciences;k-recruiting.com;556dbeee736964120f729001;Deutschland;;;;;;;;nicht gezogen;0;U;;;unklar;"Apollo-Daten unvollständig; Website prüfen, bevor ausgeschlossen wird";Apollo/API
Bestellprozess-Signale Apotheke;Mercedes-Benz Deutschland;mercedes-benz.de;61161c4970373d00a415126b;Deutschland;;;;;;;;nicht gezogen;0;U;;;unklar;"Apollo-Daten unvollständig; Website prüfen, bevor ausgeschlossen wird";Apollo/API
Bestellprozess-Signale Apotheke;Losan Pharma GmbH;losan-pharma.de;54a1aa2474686949e739fe05;Deutschland;;;;;;;;nicht gezogen;35;P;Hersteller/Pharma-Indiz: pharma;;Prüfkandidat;"Website manuell/automatisch prüfen; nicht ausschließen";Apollo/API
Bestellprozess-Signale Apotheke;PHOENIX Pharmahandel GmbH & Co KG;phoenix-online.de;5e5838587eed110001a18504;Deutschland;;;;;;;;nicht gezogen;35;P;Hersteller/Pharma-Indiz: pharma;;Prüfkandidat;"Website manuell/automatisch prüfen; nicht ausschließen";Apollo/API
Bestellprozess-Signale Apotheke;Vita Apotheke;vita-apotheke-hh.de;56e3199cf3e5bb573000088e;Deutschland;;;;;;;;nicht gezogen;28;U;"Apotheke; Starkes Fit-Signal: apotheke";;unklar;"Apollo-Daten unvollständig; Website prüfen, bevor ausgeschlossen wird";Apollo/API
Bestellprozess-Signale Apotheke;Klinge Pharma;klinge-pharma.com;55f7b065f3e5bb3880002175;Deutschland;;;;;;;;nicht gezogen;35;P;Hersteller/Pharma-Indiz: pharma;;Prüfkandidat;"Website manuell/automatisch prüfen; nicht ausschließen";Apollo/API
Bestellprozess-Signale Apotheke;Careforce GmbH;careforce.de;5f4313e0ec0ce70001ec7665;Deutschland;;;;;;;;nicht gezogen;0;U;;;unklar;"Apollo-Daten unvollständig; Website prüfen, bevor ausgeschlossen wird";Apollo/API
Bestellprozess-Signale Apotheke;UX Design Awards;ux-design-awards.com;6214adddf8428d00a5bedade;Deutschland;;;;;;;;nicht gezogen;0;U;;;unklar;"Apollo-Daten unvollständig; Website prüfen, bevor ausgeschlossen wird";Apollo/API
Bestellprozess-Signale Apotheke;Parloa;parloa.com;5e574a7ae7950300017e55f4;Deutschland;;;;;;;;nicht gezogen;0;U;;;unklar;"Apollo-Daten unvollständig; Website prüfen, bevor ausgeschlossen wird";Apollo/API
Bestellprozess-Signale Apotheke;Healthcare Shapers;healthcareshapers.com;5a9e7945a6da98d977fb3833;Deutschland;;;;;;;;nicht gezogen;0;U;;;unklar;"Apollo-Daten unvollständig; Website prüfen, bevor ausgeschlossen wird";Apollo/API
Bestellprozess-Signale Apotheke;VIVATIS Pharma GmbH;;5e571fe334261300014e3e57;Deutschland;;;;;;;;nicht gezogen;35;P;Hersteller/Pharma-Indiz: pharma;;Prüfkandidat;"Website manuell/automatisch prüfen; nicht ausschließen";Apollo/API
Bestellprozess-Signale Apotheke;SK Pharma Logistics GmbH;sk-pharma-logistics.de;56d3e409f3e5bb3a5b00195c;Deutschland;;;;;;;;nicht gezogen;35;P;Hersteller/Pharma-Indiz: pharma;;Prüfkandidat;"Website manuell/automatisch prüfen; nicht ausschließen";Apollo/API
Bestellprozess-Signale Apotheke;good healthcare group;goodhealthcare.com;5a9ee07ba6da98d932e62d08;Deutschland;;;;;;;;nicht gezogen;0;U;;;unklar;"Apollo-Daten unvollständig; Website prüfen, bevor ausgeschlossen wird";Apollo/API
Bestellprozess-Signale Apotheke;smartpatient;smartpatient.eu;556d495d73696412438eda00;Deutschland;;;;;;;;nicht gezogen;0;U;;;unklar;"Apollo-Daten unvollständig; Website prüfen, bevor ausgeschlossen wird";Apollo/API
Bestellprozess-Signale Apotheke;Sysmex Europe;sysmex-europe.com;618cef7a4fa6ef00f71c13dc;Deutschland;;;;;;;;nicht gezogen;0;U;;;unklar;"Apollo-Daten unvollständig; Website prüfen, bevor ausgeschlossen wird";Apollo/API
Bestellprozess-Signale Apotheke;Recordati Pharma Germany;recordati.de;5d0aa02da3ae61e23db130db;Deutschland;;;;;;;;nicht gezogen;35;P;Hersteller/Pharma-Indiz: pharma;;Prüfkandidat;"Website manuell/automatisch prüfen; nicht ausschließen";Apollo/API
Bestellprozess-Signale Apotheke;Grünhorn;gruenhorn.group;61154b62e18ddd00a40f31a3;Deutschland;;;;;;;;nicht gezogen;0;U;;;unklar;"Apollo-Daten unvollständig; Website prüfen, bevor ausgeschlossen wird";Apollo/API
Bestellprozess-Signale Apotheke;FUTRUE;futrue.com;5e5809084ab14d000198f0d3;Deutschland;;;;;;;;nicht gezogen;0;U;;;unklar;"Apollo-Daten unvollständig; Website prüfen, bevor ausgeschlossen wird";Apollo/API
Bestellprozess-Signale Apotheke;ATC Aviation Services AG;atc-aviation.com;54a127b569702d954899af00;Deutschland;;;;;;;;nicht gezogen;0;U;;;unklar;"Apollo-Daten unvollständig; Website prüfen, bevor ausgeschlossen wird";Apollo/API
Bestellprozess-Signale Apotheke;PHARMAPLAN (TTP Group);pharmaplan.com;5e577dfea4128d0001c707fb;Deutschland;;;;;;;;nicht gezogen;35;P;Hersteller/Pharma-Indiz: pharma;;Prüfkandidat;"Website manuell/automatisch prüfen; nicht ausschließen";Apollo/API
Bestellprozess-Signale Apotheke;Bosch Healthcare Solutions GmbH;bosch-healthcare.com;5e58e5ec58eabc0001d34f69;Deutschland;;;;;;;;nicht gezogen;0;U;;;unklar;"Apollo-Daten unvollständig; Website prüfen, bevor ausgeschlossen wird";Apollo/API
Bestellprozess-Signale Apotheke;Amarox Pharma GmbH;amaroxpharma.de;5fa1503e3b025100daf6027d;Deutschland;;;;;;;;nicht gezogen;35;P;Hersteller/Pharma-Indiz: pharma;;Prüfkandidat;"Website manuell/automatisch prüfen; nicht ausschließen";Apollo/API
Bestellprozess-Signale Apotheke;SymBio.;symbiorecruitment.de;63d5b0e895712a0001cc9ff5;Deutschland;;;;;;;;nicht gezogen;0;U;;;unklar;"Apollo-Daten unvollständig; Website prüfen, bevor ausgeschlossen wird";Apollo/API
Bestellprozess-Signale Apotheke;Kirsch Pharma GmbH;kirschpharma.com;63611a8cf5e5f800ca43009d;Deutschland;;;;;;;;nicht gezogen;35;P;Hersteller/Pharma-Indiz: pharma;;Prüfkandidat;"Website manuell/automatisch prüfen; nicht ausschließen";Apollo/API
Bestellprozess-Signale Apotheke;Heidelberg Materials Trading;hmt-global.com;5e42bfb132c2b4013a8921e1;Deutschland;;;;;;;;nicht gezogen;0;U;;;unklar;"Apollo-Daten unvollständig; Website prüfen, bevor ausgeschlossen wird";Apollo/API
Bestellprozess-Signale Apotheke;Euro OTC Pharma;euro-otc-pharma.com;55f6bcbaf3e5bb191a016ec7;Deutschland;;;;;;;;nicht gezogen;35;P;"Hersteller/Pharma-Indiz: pharma; Hersteller/Pharma-Indiz: otc";;Prüfkandidat;"Website manuell/automatisch prüfen; nicht ausschließen";Apollo/API
Bestellprozess-Signale Apotheke;Deutsches Ärzteblatt;aerzteblatt.de;56dd3466f3e5bb1ad900246c;Deutschland;;;;;;;;nicht gezogen;0;U;;;unklar;"Apollo-Daten unvollständig; Website prüfen, bevor ausgeschlossen wird";Apollo/API
Bestellprozess-Signale Apotheke;Zamann Pharma Support;zamann-pharma.com;5d364ba8a3ae61e9b4a149fc;Deutschland;;;;;;;;nicht gezogen;35;P;Hersteller/Pharma-Indiz: pharma;;Prüfkandidat;"Website manuell/automatisch prüfen; nicht ausschließen";Apollo/API
Bestellprozess-Signale Apotheke;ABF;a-b-f.de;5f4192ea93179a0001e286dd;Deutschland;;;;;;;;nicht gezogen;0;U;;;unklar;"Apollo-Daten unvollständig; Website prüfen, bevor ausgeschlossen wird";Apollo/API
Bestellprozess-Signale Apotheke;NiCE Cognigy;cognigy.com;5a9cdaf1a6da98d96d7f1e61;Deutschland;;;;;;;;nicht gezogen;0;U;;;unklar;"Apollo-Daten unvollständig; Website prüfen, bevor ausgeschlossen wird";Apollo/API
Bestellprozess-Signale Apotheke;Cannamedical Pharma;cannamedical.com;5a9d85efa6da98d9a15962fe;Deutschland;;;;;;;;nicht gezogen;35;P;Hersteller/Pharma-Indiz: pharma;;Prüfkandidat;"Website manuell/automatisch prüfen; nicht ausschließen";Apollo/API
Bestellprozess-Signale Apotheke;PUREN Pharma GmbH & Co. KG;puren-pharma.de;5f401b623fb2180001092548;Deutschland;;;;;;;;nicht gezogen;35;P;Hersteller/Pharma-Indiz: pharma;;Prüfkandidat;"Website manuell/automatisch prüfen; nicht ausschließen";Apollo/API
