"Tabelle;Spalte;Datentyp;Beschreibung_Inhalt;Join_Foreign_Key"
"Connections;FirstName;str;Vorname;"
"Connections;LastName;str;Nachname;"
"Connections;URL;str;URL des Profils;"
"Connections;EmailAddress;str;Emailadresse;"
"Connections;Company;str;Firma;"
"Connections;Position;str;Hierarchie/Titel;"
"Connections;Connected_On;str;Verbunden am Datum;"
"Connections;linkedin_key;str;persφnlicher Linkedinkey;"
"Connections;canonical_url;str;vollstδnd. Linkedinkey;"
"crm_aktivitaeten;aktivitaetid;int;Eindeutige ID;"
"crm_aktivitaeten;personid;int;PersonenID;crm_personen.personid"
"crm_aktivitaeten;personurl;str;persφnlicher Linkedinkey;connections.canonical_url"
"crm_aktivitaeten;post_url;str;Linkedin-PostURL;"
"crm_aktivitaeten;post_text;str;gesendeter Post-Text;"
"crm_aktivitaeten;ki_antwort_entwurf;str;ki-Vorschlag;"
"crm_aktivitaeten;status;str;Was ist geschehen;"
"crm_aktivitaeten;erstellt_am;datetime;Erstellungsdatum;"
"crm_aktivitaeten;aktivitaet_typ;str;Art der Aktivitδt;"
"crm_aktivitaeten;ki_antwort;str;Generierte KI Antwort;"
"crm_aktivitaeten;datum;datetime;Datum der Aktivitδt;"
"crm_firmen_aktivitaeten;activityid;int;Eindeutige ID;"
"crm_firmen_aktivitaeten;kundennumm;int;Kundennummer;stammdatenindustrie.kundennumm"
"crm_firmen_aktivitaeten;post_url;str;Linkedin-PostURL;"
"crm_firmen_aktivitaeten;post_text;str;Post-Text;"
"crm_firmen_aktivitaeten;ki_aufhaenger_entwurf;str;Entwurf Aufhδnger;"
"crm_firmen_aktivitaeten;status;str;Status;"
"crm_firmen_aktivitaeten;erstellt_am;datetime;Erstellungsdatum;"
"crm_firmen_trigger_historie;historyid;int;Eindeutige ID;"
"crm_firmen_trigger_historie;kundennumm;int;Kundennummer;stammdatenindustrie.kundennumm"
"crm_firmen_trigger_historie;event_datum;datetime;Datum des Events;"
"crm_firmen_trigger_historie;event_typ;str;Art des Triggers;"
"crm_firmen_trigger_historie;beschreibung;str;Ereignisbeschreibung;"
"crm_firmen_trigger_historie;quellen_url;str;Quellenlink;"
"crm_firmen_trigger_historie;erstellt_am;datetime;Erstellungsdatum;"
"crm_personen;import_id;int;Import ID;"
"crm_personen;kundennumm;str;Kundennummer;stammdatenindustrie.kundennumm"
"crm_personen;personid;str;PersonenID;"
"crm_personen;anrede;str;Anrede;"
"crm_personen;titel;str;Akademischer Titel;"
"crm_personen;vorname;str;Vorname;"
"crm_personen;nachname;str;Nachname;"
"crm_personen;funktionid;str;Hierarchie;ref_funktionen.funktionid"
"crm_personen;funktionsbezeichnung;str;Bezeichnung der Position;"
"crm_personen;telefon;str;Telefonnummer;"
"crm_personen;mobil;str;Mobilnummer;"
"crm_personen;emailpers;str;Persφnliche Emailadresse;"
"crm_personen;anfuegedatum;str;Datum der Hinzufόgung;"
"crm_personen;linkedin;str;persφnlicher Linkedinkey;connections.canonical_url"
"crm_personen;xing;str;Xing Profil;"
"crm_personen;update_status;str;Anlage durch wen;"
"crm_personen;validation_status;str;manuelle Prόfung;"
"crm_personen;letztes_like_datum;datetime;Datum letztes Like;"
"crm_personen;letzter_kommentar_datum;datetime;Datum letzter Kommentar;"
"crm_personen;vernetzungs_status;str;Status Vernetzung;"
"crm_personen;vernetzungs_datum;datetime;Datum Vernetzung;"
"crm_personen;geburtstag;str;Geburtsdatum;"
"crm_personen;job1_firma;str;Aktuelle Firma;"
"crm_personen;job1_titel;str;Aktueller Titel;"
"crm_personen;job1_dauer;str;Dauer Job 1;"
"crm_personen;job2_firma;str;Vorherige Firma;"
"crm_personen;job2_titel;str;Vorheriger Titel;"
"crm_personen;job2_dauer;str;Dauer Job 2;"
"crm_personen;job3_firma;str;Firma davor;"
"crm_personen;job3_titel;str;Titel davor;"
"crm_personen;job3_dauer;str;Dauer Job 3;"
"crm_personen;zuletzt_geprueft_am;datetime;Letzte Prόfung am;"
"crm_personen;mobiltelefon;str;Alternative Mobilnummer;"
"crm_personen;privat_email;str;Alternative Privat-Email;"
"crm_personen;webseite;str;Persφnliche Webseite;"
"crm_personen;anfrage_datum;datetime;Datum der Anfrage;"
"crm_personen;linkedin_key;str;LinkedIn Key;"
"crm_personen;linkedin_canonical_url;str;vollstδnd. Linkedinkey;connections.canonical_url"
"crm_personen;danke_datum;datetime;Datum der Danksagung;"
"crm_personen;naechster_touchpoint_am;datetime;Nδchster Touchpoint;"
"crm_personen;letzte_linkedin_reaktion_am;datetime;Letzte Reaktion;"
"crm_personen;Anzahl;int;Mehrfachnennung;"
"Invitations_Normalized;invitationid;int;Einladungs ID;"
"Invitations_Normalized;from_name;str;Von Name;"
"Invitations_Normalized;to_name;str;An Name;"
"Invitations_Normalized;sent_at_raw;str;Sendedatum roh;"
"Invitations_Normalized;sent_at;datetime;Sendedatum;"
"Invitations_Normalized;message;str;Nachrichtentext;"
"Invitations_Normalized;direction;str;Richtung der Einladung;"
"Invitations_Normalized;inviter_profile_url;str;Profil URL Einlader;"
"Invitations_Normalized;invitee_profile_url;str;Profil URL Eingeladener;"
"Invitations_Normalized;inviter_canonical_url;str;vollstδnd. Linkedinkey;connections.canonical_url"
"Invitations_Normalized;invitee_canonical_url;str;Linkedinkey Eingeladener;"
"Invitations_Normalized;inviter_linkedin_key;str;Key Einlader;"
"Invitations_Normalized;invitee_linkedin_key;str;Key Eingeladener;"
"Invitations_Normalized;personurl;str;vollstδnd. Linkedinkey;crm_personen.linkedin_canonical_url"
"Invitations_Normalized;person_linkedin_key;str;LinkedIn Key Person;"
"ref_funktionen;import_id;int;Import ID;"
"ref_funktionen;funktionid;str;Funktions ID;"
"ref_funktionen;ebene;str;Hierarchie;"
"ref_funktionen;funktionsbezeichnung;str;Bezeichnung Funktion;"
"stammdatenapo;kundennumm;str;Kundennummer;"
"stammdatenapo;bganr;str;Betriebsstδttennummer;"
"stammdatenapo;MAZahl;int;Mitarbeiterzahl;"
"stammdatenapo;nama;str;Erstteil Name;"
"stammdatenapo;nameb;str;Zweitteil Name;"
"stammdatenapo;kurzname;str;Apotheken Kurzname;"
"stammdatenapo;plz;str;Postleitzahl;"
"stammdatenapo;ort;str;Stadt / Ort;"
"stammdatenapo;strasse;str;Straίenname;"
"stammdatenapo;hausnr;str;Hausnummer;"
"stammdatenapo;StH;str;Straίe und Hausnummer;"
"stammdatenapo;telefon;str;Telefonnummer;"
"stammdatenapo;fax;str;Faxnummer;"
"stammdatenapo;internetadresse;str;URL Website;"
"stammdatenapo;email;str;E-Mail Adresse;"
"stammdatenapo;iban;str;IBAN;"
"stammdatenapo;bic;str;BIC;"
"stammdatenapo;bundesland;str;Bundesland;"
"stammdatenapo;nielsen;str;Nielsen-Gebiet;"
"stammdatenapo;datum;datetime;Datum Datensatzanlage;"
"stammdatenapo;schliessung;datetime;Datum Schliessung;"
"stammdatenapo;kunden-status;str;Status der Apotheke;"
"stammdatenapo;kooperation;str;Apothekenzusammenschluί;"
"stammdatenapo;gruppe;str;Gruppe evtl. innerhalb des Zusammenschlusses;"
"stammdatenapo;zentrale;str;Hauptapotheke;"
"stammdatenapo;filiale;str;Wenn nicht identisch mit Kundennumm;"
"stammdatenapo;apothekentyp;str;Typ der Apotheke;"
"stammdatenapo;groessenklasse;str;Grφίenklasse;"
"stammdatenapo;umsatzklasse;str;Umsatzklasse;"
"stammdatenapo;akquiseklasse;str;Akquiseklasse;"
"stammdatenapo;freqgesch;float;Kundenfrequenz geschδtzt;"
"stammdatenapo;berechnfreq;float;Kundenfrequenz berechnet;"
"stammdatenapo;durchschnfreq;float;Durchschnittsfrequenz;"
"stammdatenapo;umsatzpotenzialmio;float;Umsatzpotenzial in Millionen;"
"stammdatenapo;wws;str;Warenwirtschaftssystem;"
"stammdatenapo;vkfl;float;Verkaufsflδche;"
"stammdatenapo;lfmfwgesch;int;Laufmeter Freiwahl;"
"stammdatenapo;lfmswgesch;int;Laufmeter Sichtwahl;"
"stammdatenapo;lage;str;Lage im Ort;"
"stammdatenapo;Apogrupp;str;Apothekengruppe;"
"stammdatenapo;EmailKNZ;str;Email Kennzeichen;"
"stammdatenapo;Emailstatus;str;Status Email;"
"stammdatenapo;Versandstatus;str;Status Versand;"
"stammdatenapo;bearbStatus;str;Bearbeitungsstatus;"
"stammdatenindustrie;kundennumm;str;Kundennummer;crm_personen.kundennumm"
"stammdatenindustrie;bganr;str;Betriebsstδttennummer;"
"stammdatenindustrie;akquiseklasse;int;Akquiseklasse;"
"stammdatenindustrie;funktion;str;Marktfunktion;"
"stammdatenindustrie;efunktion;str;Detailbeschreibung Marktfunktion;"
"stammdatenindustrie;Marktzielgruppe;str;[SUCH FELD] Angebotsrichtung / Marktorientierung (z.B. Apotheken);"
"stammdatenindustrie;emarktzielgruppe;str;[SUCH FELD] Detail Marktorientierung (z.B. B2B, Apotheken, Endverbraucher);"
"stammdatenindustrie;produktschwerpunkt;str;Produktschwerpunkt;"
"stammdatenindustrie;Kategorie;str;Angebotskategorie;"
"stammdatenindustrie;ekategorie;str;Detailbeschreibung Angebotskategorie;"
"stammdatenindustrie;anbieternummer;int;Anbieternummer;abdaartikel.anbieter_nr"
"stammdatenindustrie;nama;str;[SUCH FELD] Erstteil Name / Anbietername;"
"stammdatenindustrie;nameb;str;Zweitteil Name;"
"stammdatenindustrie;kurzname;str;Kurzname;"
"stammdatenindustrie;LKZ;str;Lδnderkennzeichen;"
"stammdatenindustrie;plz;str;Postleitzahl;"
"stammdatenindustrie;ort;str;Stadt / Ort;"
"stammdatenindustrie;strasse;str;Straίenname;"
"stammdatenindustrie;hausnr;str;Hausnummer;"
"stammdatenindustrie;telefon;str;Telefonnummer;"
"stammdatenindustrie;fax;str;Faxnummer;"
"stammdatenindustrie;internetadresse;str;Website URL;"
"stammdatenindustrie;email;str;E-Mail Adresse;"
"stammdatenindustrie;dategurl;str;Dateg URL;"
"stammdatenindustrie;logourl;str;Logo URL;"
"stammdatenindustrie;LinkedinURL;str;FirmenlinkedinURL;"
"stammdatenindustrie;linkedin_url_status;str;Status LinkedIn URL;"
"stammdatenindustrie;benutzername;str;Benutzername;"
"stammdatenindustrie;iban;str;IBAN;"
"stammdatenindustrie;bic;str;BIC;"
"stammdatenindustrie;datum;datetime;Datum Datensatzanlage;"
"stammdatenindustrie;schliessung;datetime;Datum Schliessung;"
"stammdatenindustrie;gruendung;float;Grόndungsjahr;"
"stammdatenindustrie;kooperation;str;Kooperation;"
"stammdatenindustrie;gruppe;str;Gruppe;"
"stammdatenindustrie;filiale;str;Wenn nicht identisch mit Kundennumm;"
"stammdatenindustrie;firmentyp;str;Konzern, Familie;"
"stammdatenindustrie;groessenklasse;str;standardisierte Grφίenklasse;"
"stammdatenindustrie;umsatzklasse;str;Umsatzklasse;"
"stammdatenindustrie;mitarbeiterzahl;str;Mitarbeiterzahl;"
"stammdatenindustrie;anzahlabda;float;Anzahl aller bei der Abda gelisteten Artikel;"
"stammdatenindustrie;anzahlrx;float;Anzahl aller bei der Abda gelisteten RX Artikel;"
"stammdatenindustrie;anzahlnonrx;float;Anzahl aller bei der Abda gelisteten NonRX Artikel;"
"stammdatenindustrie;umsatzpotenzialmio;float;Umsatzpotenzial in Millionen;"
"stammdatenindustrie;wws;str;Warenwirtschaftssystem;"
"stammdatenindustrie;gl_produkt1;str;Wichtigste Produkte 1;"
"stammdatenindustrie;gl_produkt2;str;Wichtigste Produkte 2;"
"stammdatenindustrie;gl_produkt3;str;Wichtigste Produkte 3;"
"stammdatenindustrie;topprodukte;str;Zusammenfassung des Angebots, oft mit Markennennung;"
"stammdatenindustrie;APlicht;str;Sortiment apothekenpflichtig?;"
"stammdatenindustrie;sortiment;str;Sortimentsschwerpunkt;"
"stammdatenindustrie;sortimentsstruktur;str;Anzahl Produkte nach Sortimentsanteilen;"
"stammdatenindustrie;markenstruktur;str;Anzahl Produkte nach Markenanteilen (z. B. Aspirin);"
"stammdatenindustrie;hauptgruppe;str;In welchem Sortimentsteil ist Firma hauptsδchlich tδtig;"
"stammdatenindustrie;ugruppe;str;In welchem Untergruppe ist Firma hauptsδchlich tδtig;"
"stammdatenindustrie;zugehoerigkeit;str;In welchen Sortimentsbereichen ist die Firma prδsent;"
"stammdatenindustrie;narrativ;str;Narrativ der Firma;"
"stammdatenindustrie;purpose;str;Was ist der Daseinszweck;"
"stammdatenindustrie;begruendung;str;Begrόndung Marktposition;"
"stammdatenindustrie;trigger_events;str;Plδne, Verδnderungen, Entwicklungen;"
"stammdatenindustrie;entscheider;str;Personen im Unternehmen ohne Bezug zu crm_personen;"
"stammdatenindustrie;ambition;str;Was will die Firma erreichen;"
"stammdatenindustrie;zielsetzung;str;mittelfristige Zielsetzung;"
"stammdatenindustrie;unsub;bool;Abgemeldet;"
"stammdatenindustrie;aktuelle_haupt_url;str;Haupt URL;"
"stammdatenindustrie;veredelung_status;str;Status Veredelung;"
"stammdatenindustrie;veredelung_methode;str;Methode Veredelung;"
"stammdatenindustrie;veredelung_score;str;Score Veredelung;"
"stammdatenindustrie;d2p_score;str;D2P Score;"
"stammdatenindustrie;d2p_begruendung;str;Begrόndung D2P;"
"stammdatenindustrie;gefundene_personen;str;Gefundene Personen;"
"stammdatenindustrie;top_produkte;str;Top Produkte;"
"stammdatenindustrie;apotheken_fokus;str;Apotheken Fokus (meist leer ? stattdessen Marktzielgruppe/emarktzielgruppe);"
"stammdatenindustrie;funktion_pruefung;str;Prόfung Funktion;"
"stammdatenindustrie;marktzielgruppe_pruefung;str;Prόfung Marktzielgruppe;"
"stammdatenindustrie;kategorie_pruefung;str;Prόfung Kategorie;"
"stammdatenindustrie;gl_email;str;GL Email;"
"stammdatenindustrie;gl_fax;str;GL Fax;"
"stammdatenindustrie;gl_firma;str;GL Firma;"
"stammdatenindustrie;gl_hausnr;str;GL Hausnummer;"
"stammdatenindustrie;gl_kundennumm;str;GL Kundennummer;"
"stammdatenindustrie;gl_lnderkennzeichen;str;GL Lδnderkennzeichen;"
"stammdatenindustrie;gl_ort;str;GL Ort;"
"stammdatenindustrie;gl_plz;str;GL PLZ;"
"stammdatenindustrie;gl_plz_ort;str;GL PLZ und Ort;"
"stammdatenindustrie;gl_strasse;str;GL Straίe;"
"stammdatenindustrie;gl_telefon;str;GL Telefon;"
"stammdatenindustrie;gl_web;str;GL Web;"
"stammdatenindustrie;linkedin_url;str;LinkedIn URL;"
"stammdatenindustrie;linkedin_url_quelle;str;Quelle LinkedIn URL;"
"stammdatenindustrie;linkedin_url_geprueft_am;datetime;Prόfdatum LinkedIn URL;"
"stammdatenindustrie;linkedin_url_notiz;str;Notiz LinkedIn;"
"stammdatenindustrie;apollo_search_status;str;Status Apollo;"
"stammdatenindustrie;apollo_search_lauf_id;str;Lauf ID Apollo;"
"stammdatenindustrie;apollo_search_geplant_am;datetime;Geplant Apollo;"
"stammdatenindustrie;apollo_search_ausgefuehrt_am;datetime;Ausgefόhrt Apollo;"
"stammdatenindustrie;apollo_search_treffer;int;Treffer Apollo;"
"stammdatenindustrie;apollo_search_domain;str;Domain Apollo;"
"stammdatenindustrie;apollo_search_fehler;str;Fehler Apollo;"
"Whitelist_Kontakte;ID;int;ID;"
"Whitelist_Kontakte;indkundennumm;str;kundennummer Stammdatenindustrie;stammdatenindustrie.kundennumm"
"Whitelist_Kontakte;apokundennumm;str;kundennummer Stammdatenapo;stammdatenapo.kundennumm"
"Whitelist_Kontakte;indpersonid;str;personid;crm_personen.personid"
"Whitelist_Kontakte;apopersonid;str;personid;"
"Whitelist_Kontakte;Vorname;str;Vorname;"
"Whitelist_Kontakte;Nachname;str;Nachname;"
"Whitelist_Kontakte;Email_Gesch;str;Email Geschδftlich;"
"Whitelist_Kontakte;Email_Priv;str;Email Privat;"
"Whitelist_Kontakte;Tel_Gesch;str;Telefon Geschδftlich;"
"Whitelist_Kontakte;Tel_Mobil;str;Telefon Mobil;"
"Whitelist_Kontakte;Anrede;str;Anrede;"
"Whitelist_Kontakte;Ansprache;str;du/Sie;"
"Whitelist_Kontakte;Firma_Projekt;str;Anknόpfungspunkt;"
"Whitelist_Kontakte;Position;str;Position;"
"Whitelist_Kontakte;Prioritaet;str;Prioritδt;"
"Whitelist_Kontakte;LinkedIn_URL;str;linkedinURL;"
"Whitelist_Kontakte;Standard_CC;str;Standard CC;"
"Datei_Index;Datei_ID;int;Datei ID;"
"Datei_Index;Anbieter_ID;str;Anbieter ID;stammdatenindustrie.ID"
"Datei_Index;Kundennummer_Ref;str;Kundennummer Ref;stammdatenapo.kundennumm"
"Datei_Index;Datei_Name;str;Dateiname;"
"Datei_Index;Datei_Pfad;str;Pfad zur Datei;"
"Datei_Index;Typ_Kategorie;str;Dateityp;"
"Datei_Index;Inhalts_Summary;str;Zusammenfassung des Inhalts;"
"Datei_Index;Scan_Datum;datetime;Datum des Scans;"
"abdaartikel;pzn;str;Pharmazentralnummer;"
"abdaartikel;abdawarengruppe;str;Nummer der Produktkategorie / Warengruppe;"
"abdaartikel;apuhap;float;Herstellerabgabepreis;"
"abdaartikel;abgaberegelung;str;Rx, OTC (Apo.pflicht), FW (Nichtapo.pflicht);"
"abdaartikel;anbieter_nr;float;Anbieternummer;stammdatenindustrie.anbieternummer"
"abdaartikel;anbietername;str;Anbietername;"
"abdaartikel;artikelart;str;Welche Artikelart;"
"abdaartikel;artikelname;str;[SUCH FELD] Artikelname Textsuche nach Artikeln;"
"abdaartikel;artikelname_hauptbegriff;str;[SUCH FELD] Wichtigster Namensbestandteil, Marke;"
"abdaartikel;btm;str;Betδubungsmittel;"
"abdaartikel;direktbezug;str;Direktbezug mφglich ja/nein;"
"abdaartikel;einheit;str;Artikeleinheit;"
"abdaartikel;einheit_vergleich;str;Vergleichseinheit Artikel;"
"abdaartikel;kosmetikum;str;Kosmetikum?;"
"abdaartikel;menge;int;Artikelmenge;"
"abdaartikel;taxeek;float;Taxe Einkaufspreis Apotheke;"
"abdaartikel;taxevk;float;TaxeVerkaufspreis Apotheke;"
"abdaartikel;verpackung;str;Verpackungsform;"
